{"el": {"45.7.1": {"Windows": {"filesize": 25.100000000000001}, "OS X": {"filesize": 50.799999999999997}, "Linux": {"filesize": 31.800000000000001}}}, "zh-TW": {"45.7.1": {"Windows": {"filesize": 25.100000000000001}, "OS X": {"filesize": 50.799999999999997}, "Linux": {"filesize": 31.800000000000001}}}, "ta-LK": {"45.7.1": {"Windows": {"filesize": 25.100000000000001}, "OS X": {"filesize": 50.799999999999997}, "Linux": {"filesize": 31.800000000000001}}}, "vi": {"45.7.1": {"Windows": {"filesize": 25.100000000000001}, "OS X": {"filesize": 50.799999999999997}, "Linux": {"filesize": 31.800000000000001}}}, "ca": {"45.7.1": {"Windows": {"filesize": 25.100000000000001}, "OS X": {"filesize": 50.799999999999997}, "Linux": {"filesize": 31.800000000000001}}}, "it": {"45.7.1": {"Windows": {"filesize": 25.100000000000001}, "OS X": {"filesize": 50.799999999999997}, "Linux": {"filesize": 31.800000000000001}}}, "cs": {"45.7.1": {"Windows": {"filesize": 25.100000000000001}, "OS X": {"filesize": 50.799999999999997}, "Linux": {"filesize": 31.800000000000001}}}, "cy": {"45.7.1": {"Windows": {"filesize": 25.100000000000001}, "OS X": {"filesize": 50.799999999999997}, "Linux": {"filesize": 31.800000000000001}}}, "ar": {"45.7.1": {"Windows": {"filesize": 25.100000000000001}, "OS X": {"filesize": 50.799999999999997}, "Linux": {"filesize": 31.800000000000001}}}, "bn-BD": {"45.7.1": {"Windows": {"filesize": 25.100000000000001}, "OS X": {"filesize": 50.799999999999997}, "Linux": {"filesize": 31.800000000000001}}}, "nb-NO": {"45.7.1": {"Windows": {"filesize": 25.100000000000001}, "OS X": {"filesize": 50.799999999999997}, "Linux": {"filesize": 31.800000000000001}}}, "eu": {"45.7.1": {"Windows": {"filesize": 25.100000000000001}, "OS X": {"filesize": 50.799999999999997}, "Linux": {"filesize": 31.800000000000001}}}, "et": {"45.7.1": {"Windows": {"filesize": 25.100000000000001}, "OS X": {"filesize": 50.799999999999997}, "Linux": {"filesize": 31.800000000000001}}}, "gl": {"45.7.1": {"Windows": {"filesize": 25.100000000000001}, "OS X": {"filesize": 50.799999999999997}, "Linux": {"filesize": 31.800000000000001}}}, "es-ES": {"45.7.1": {"Windows": {"filesize": 25.100000000000001}, "OS X": {"filesize": 50.799999999999997}, "Linux": {"filesize": 31.800000000000001}}}, "id": {"45.7.1": {"Windows": {"filesize": 25.100000000000001}, "OS X": {"filesize": 50.799999999999997}, "Linux": {"filesize": 31.800000000000001}}}, "en-GB": {"45.7.1": {"Windows": {"filesize": 25.100000000000001}, "OS X": {"filesize": 50.799999999999997}, "Linux": {"filesize": 31.800000000000001}}}, "ru": {"45.7.1": {"Windows": {"filesize": 25.100000000000001}, "OS X": {"filesize": 50.799999999999997}, "Linux": {"filesize": 31.800000000000001}}}, "pa-IN": {"45.7.1": {"Windows": {"filesize": 25.100000000000001}, "OS X": {"filesize": 50.799999999999997}, "Linux": {"filesize": 31.800000000000001}}}, "nl": {"45.7.1": {"Windows": {"filesize": 25.100000000000001}, "OS X": {"filesize": 50.799999999999997}, "Linux": {"filesize": 31.800000000000001}}}, "sl": {"45.7.1": {"Windows": {"filesize": 25.100000000000001}, "OS X": {"filesize": 50.799999999999997}, "Linux": {"filesize": 31.800000000000001}}}, "tr": {"45.7.1": {"Windows": {"filesize": 25.100000000000001}, "OS X": {"filesize": 50.799999999999997}, "Linux": {"filesize": 31.800000000000001}}}, "lt": {"45.7.1": {"Windows": {"filesize": 25.100000000000001}, "OS X": {"filesize": 50.799999999999997}, "Linux": {"filesize": 31.800000000000001}}}, "sr": {"45.7.1": {"Windows": {"filesize": 25.100000000000001}, "OS X": {"filesize": 50.799999999999997}, "Linux": {"filesize": 31.800000000000001}}}, "rm": {"45.7.1": {"Windows": {"filesize": 25.100000000000001}, "OS X": {"filesize": 50.799999999999997}, "Linux": {"filesize": 31.800000000000001}}}, "en-US": {"45.7.1": {"Windows": {"filesize": 25.100000000000001}, "OS X": {"filesize": 50.799999999999997}, "Linux": {"filesize": 31.800000000000001}}}, "ro": {"45.7.1": {"Windows": {"filesize": 25.100000000000001}, "OS X": {"filesize": 50.799999999999997}, "Linux": {"filesize": 31.800000000000001}}}, "dsb": {"45.7.1": {"Windows": {"filesize": 25.100000000000001}, "OS X": {"filesize": 50.799999999999997}, "Linux": {"filesize": 31.800000000000001}}}, "is": {"45.7.1": {"Windows": {"filesize": 25.100000000000001}, "OS X": {"filesize": 50.799999999999997}, "Linux": {"filesize": 31.800000000000001}}}, "pl": {"45.7.1": {"Windows": {"filesize": 25.100000000000001}, "OS X": {"filesize": 50.799999999999997}, "Linux": {"filesize": 31.800000000000001}}}, "hsb": {"45.7.1": {"Windows": {"filesize": 25.100000000000001}, "OS X": {"filesize": 50.799999999999997}, "Linux": {"filesize": 31.800000000000001}}}, "be": {"45.7.1": {"Windows": {"filesize": 25.100000000000001}, "OS X": {"filesize": 50.799999999999997}, "Linux": {"filesize": 31.800000000000001}}}, "fr": {"45.7.1": {"Windows": {"filesize": 25.100000000000001}, "OS X": {"filesize": 50.799999999999997}, "Linux": {"filesize": 31.800000000000001}}}, "bg": {"45.7.1": {"Windows": {"filesize": 25.100000000000001}, "OS X": {"filesize": 50.799999999999997}, "Linux": {"filesize": 31.800000000000001}}}, "sv-SE": {"45.7.1": {"Windows": {"filesize": 25.100000000000001}, "OS X": {"filesize": 50.799999999999997}, "Linux": {"filesize": 31.800000000000001}}}, "ast": {"45.7.1": {"Windows": {"filesize": 25.100000000000001}, "OS X": {"filesize": 50.799999999999997}, "Linux": {"filesize": 31.800000000000001}}}, "hr": {"45.7.1": {"Windows": {"filesize": 25.100000000000001}, "OS X": {"filesize": 50.799999999999997}, "Linux": {"filesize": 31.800000000000001}}}, "de": {"45.7.1": {"Windows": {"filesize": 25.100000000000001}, "OS X": {"filesize": 50.799999999999997}, "Linux": {"filesize": 31.800000000000001}}}, "da": {"45.7.1": {"Windows": {"filesize": 25.100000000000001}, "OS X": {"filesize": 50.799999999999997}, "Linux": {"filesize": 31.800000000000001}}}, "pt-BR": {"45.7.1": {"Windows": {"filesize": 25.100000000000001}, "OS X": {"filesize": 50.799999999999997}, "Linux": {"filesize": 31.800000000000001}}}, "br": {"45.7.1": {"Windows": {"filesize": 25.100000000000001}, "OS X": {"filesize": 50.799999999999997}, "Linux": {"filesize": 31.800000000000001}}}, "fi": {"45.7.1": {"Windows": {"filesize": 25.100000000000001}, "OS X": {"filesize": 50.799999999999997}, "Linux": {"filesize": 31.800000000000001}}}, "hu": {"45.7.1": {"Windows": {"filesize": 25.100000000000001}, "OS X": {"filesize": 50.799999999999997}, "Linux": {"filesize": 31.800000000000001}}}, "ja": {"45.7.1": {"Windows": {"filesize": 25.100000000000001}, "OS X": {"filesize": 50.799999999999997}, "Linux": {"filesize": 31.800000000000001}}}, "he": {"45.7.1": {"Windows": {"filesize": 25.100000000000001}, "OS X": {"filesize": 50.799999999999997}, "Linux": {"filesize": 31.800000000000001}}}, "hy-AM": {"45.7.1": {"Windows": {"filesize": 25.100000000000001}, "OS X": {"filesize": 50.799999999999997}, "Linux": {"filesize": 31.800000000000001}}}, "pt-PT": {"45.7.1": {"Windows": {"filesize": 25.100000000000001}, "OS X": {"filesize": 50.799999999999997}, "Linux": {"filesize": 31.800000000000001}}}, "es-AR": {"45.7.1": {"Windows": {"filesize": 25.100000000000001}, "OS X": {"filesize": 50.799999999999997}, "Linux": {"filesize": 31.800000000000001}}}, "sq": {"45.7.1": {"Windows": {"filesize": 25.100000000000001}, "OS X": {"filesize": 50.799999999999997}, "Linux": {"filesize": 31.800000000000001}}}, "ko": {"45.7.1": {"Windows": {"filesize": 25.100000000000001}, "OS X": {"filesize": 50.799999999999997}, "Linux": {"filesize": 31.800000000000001}}}, "nn-NO": {"45.7.1": {"Windows": {"filesize": 25.100000000000001}, "OS X": {"filesize": 50.799999999999997}, "Linux": {"filesize": 31.800000000000001}}}, "ga-IE": {"45.7.1": {"Windows": {"filesize": 25.100000000000001}, "OS X": {"filesize": 50.799999999999997}, "Linux": {"filesize": 31.800000000000001}}}, "sk": {"45.7.1": {"Windows": {"filesize": 25.100000000000001}, "OS X": {"filesize": 50.799999999999997}, "Linux": {"filesize": 31.800000000000001}}},